<?xml version="1.0" encoding="UTF-8"?>
<included>
	<include resource="org/springframework/boot/logging/logback/base.xml" />
	<property name="JOB_LOG_PATH" value="${JOB_LOG_PATH:-${LOG_PATH:-${java.io.tmpdir:-/tmp}/}}"/>
	<!-- Appender for Loggging per JobExecution in a separate File -->
	<appender name="JOBLOGGER" class="ch.qos.logback.classic.sift.SiftingAppender">
		<!-- in the absence of the class attribute, it is assumed that the desired discriminator type is ch.qos.logback.classic.sift.MDCBasedDiscriminator -->
		<discriminator>
			<key>jobLogFileName</key>
			<defaultValue>batch-default</defaultValue>
		</discriminator>
		<sift>
			<appender name="${jobLogFileName}" class="ch.qos.logback.core.FileAppender">
				<file>${JOB_LOG_PATH}${jobLogFileName}.log</file>
				<append>true</append>
				<encoder>
					<pattern>${FILE_LOG_PATTERN}</pattern>
				</encoder>
			</appender>
		</sift>
	</appender>
	<root level="INFO">
		<appender-ref ref="JOBLOGGER" />
	</root>
</included>
