<settings>
    <servers>
        <server>
            <id>sonatype-nexus-snapshots</id>
            <username>${env.OSSRH_USER}</username>
            <password>${env.OSSRH_PASS}</password>
        </server>
        <server>
            <id>sonatype-nexus-staging</id>
            <username>${env.OSSRH_USER}</username>
            <password>${env.OSSRH_PASS}</password>
        </server>
    </servers>
    <profiles>
    <profile>
      <id>ossrh</id>
      <activation>
        <activeByDefault>true</activeByDefault>
      </activation>
      <properties>
        <gpg.executable>gpg</gpg.executable>
        <gpg.keyname>${env.GPG_KEY_NAME}</gpg.keyname>
        <gpg.passphrase>${env.GPG_PASSPHRASE}</gpg.passphrase>
      </properties>
    </profile>
  </profiles>
</settings>
